Sentiment score,User ,Tweet ,,,,,,,,,,,
0,Gavin08031,"AMC is owned by China.

Stay home and watch movies https://t.co/0TOsWcwHWe",,,,,,,,,,,
0,Gavin08031,"AMC is owned by China.

Stay home and watch movies https://t.co/0TOsWcwHWe",,,,,,,,,,,
-7,ChrisJo23340709,"@StonksBatman I agree GME is not finished, and sneeze in January was cut short. I also think every other stock pumped by WSB after it was compromised is a distraction (including AMC). The rest of it makes as much sense as AMC folks talking about DFV who only had GME shares...sadly misinformed.",,,,,,,,,,,
0,WizzleDean,"RT @AntonioTheMexi: Hedgies trying to decide if they should cover yet or continue to short

$AMC $GME https://t.co/zRH7jgv0Vo",,,,,,,,,,,
-1,filosofia_amc,"RT @Petrypsique: Aquí les dejo otro ejercicio que pueden hacer antes de recurrir a la adrenalina de la infidelidad. 

Después no digan que…",,,,,,,,,,,
0,Tsolmon_tech,"RT @soko_888: #AMC хувьцааг жилийн өмнө $2 бхд нь аваад $4 болоход нь зарчихсан. Адилхан арилжаа хийдаг, нилээд их $ босгочихсон найз наада…",,,,,,,,,,,
1,ChrisJa36457146,"@Mercy44 @IRMC16 De meeste mensen werken in de zorg omdat ze zorgzaam zijn en van nature om mensen geven. 
Deze verzorgenden weten heel goed wat er speelt want ze zitten er midden in en mogen zich niet uitspreken.  Geweten gaat knagen.. Vriendin van mij werkt nu op de servicedesk i.p.v het AMC. https://t.co/EgtF1gD4YT",,,,,,,,,,,
2,RoSchCryptonian,"RT @Hodlape2: #AMC #AMCSqueeze #AMCtothemoon 
Short Interest: 20,63% ==&gt; 20,49%
Utilisation:  87,21% ==&gt; 86,59%
Shares on Loan: 114,45M ==&gt;…",,,,,,,,,,,
3,Ricardo43084965,AMC TO THE MOON 🌕 #BanDarkPools,,,,,,,,,,,
-3,DavidRecchion,"RT @POTATO_INMYASS: It’s time a lot of you investors face the fact that $AMC Options are bad.

#amc #gme",,,,,,,,,,,
0,judaslions,"RT @NathanG16894548: Every stock I search on google has articles from 3,6,9 hours ago etc. Except #AMC they are all 3,6,9 DAYS OLD!!!  This…",,,,,,,,,,,
0,yos48878075,RT @AJcaldi: Scrolling through FB and this caught my eye and made me think of what's going on with #AMC $AMC #CitadelScandal #KenGriffinToJ…,,,,,,,,,,,
0,TradingTigre,"RT @cheeto_shane: Father teaches his young kid about the stock market and investing this morning.

4 hours later.

Son tweeting: ""Ken Griif…",,,,,,,,,,,
-4,BallsSized,"RT @CroweRossa: @GaryGensler @SEC_Enforcement

Hey Gary,
How many naked shorts do we have to buy before you put a stop to the corruption?…",,,,,,,,,,,
0,BorgheseAmira,"RT @BorgheseAmira: ""We all know these are challenging times, but as we also know in the book of life it is not what one does when the sun i…",,,,,,,,,,,
1,Cronquix,@AMboispeoopel It doesn't have much in games but in arsenal it level 30 and if you want I can farm a bit of amc,,,,,,,,,,,
0,OneLoveTennis1,@KICbiz @DonnahueGeorge @SECGov @GaryGensler Check the issued shares and then check fintel or whatever source you use and check institutional ownership and add and subtract the difference and you might drop your jaw #AMC,,,,,,,,,,,
3,adolfo_realtor,"RT @OliverLakay: Now #AMC and #GME has a legal precedent to support NFT dividends. It's finally time to get that  MO-ASS money, BABYYY!!

L…",,,,,,,,,,,
2,GoodSam24843759,"RT @AMC_Apee: RSI ABOUT TO CROSS ON THE DAILY, SEC ONTO CITADEL, #AMCSqueeze TRENDING ON TWITTER, GOVERNMENT WANTS THAT CAPITAL GAINS TAX,…",,,,,,,,,,,
0,bara_sonny,"@GaryGensler #CitadelisMadoff
#CitadelisthenewEnron #KenGriffinLied
#DarkpoolAbuse
#NakedShorts
#SyntheticShares
#SuspendDarkPoolTrading
#FinacialTreason
#NakedShortsYea
#NoPFOF
#DirectRouting
#CitadelScandal
#WhereisGaryGensler
#VladTenevLied           
#AMC #GME #MOASS",,,,,,,,,,,
2,1821red,RT @murseape: @Chicago_SEC Like having the same dip every morning for almost a month? How about 60% of 1 stock being traded in the dark poo…,,,,,,,,,,,
2,_jweave23,@Twitter thanks for deleting my tweet. I will just keep re-posting it. @SECGov @GaryGensler @vladtenev @RobinhoodApp @cvpayne @CEOAdam $AMC https://t.co/J7lrWqX8go,,,,,,,,,,,
-4,Saandhi,"RT @AMC_Apee: WTF DID I JUST WATCH?? @GaryGensler LMAOOO 

$AMC #AMC #AMCSqueeze https://t.co/RJSeCHL5Yb",,,,,,,,,,,
4,OffersForex,"Profit Unlimited $BTC
The largest site in cloud mining
Bonus 30% ⬇️
https://t.co/htaQf9zreG  

$nakd $cei $wish $sec $ater $any $btc $doge $shib
$CEI $AMC $SOFI $PLTR $WISH $TSLA $SPY $CCXI
$AVVH $AUNXF $BRYYF $WDLF $OREAF $CEI
$DATS $AFRM $SNDL $LCID
$CLOV $CEI $GME $AMC $BTBT https://t.co/bk60iGI5mN",,,,,,,,,,,
0,DamienLomonico,"RT @AMCTheatres: I dare you to earn 500 bonus points. See #HalloweenKills, now playing at #AMCTheatres. If you saw #OldTheMovie and/or #Can…",,,,,,,,,,,
0,ba_financials,#FomoBuying will be the biggest driver for $AMC and $GME. https://t.co/fk3FnExG6s,,,,,,,,,,,
3,jvojimmy,RT @mysupporthandle: A lot of us have seen rock bottom. Elites don’t know what it’s like growing up on welfare with your mom working two jo…,,,,,,,,,,,
1,wyattwikky,RT @chucks_gas_Bsak: I said it yesterday. In 2 weeks time @SECGov and @GaryGensler will be announcing #DarkPool restrictions in certain sto…,,,,,,,,,,,
0,oboyitsthefox,"RT @MainstC: 🚨SEC investigating #CitadelScandal. #AMC #GME #BB #AMCSqueeze #AMCNotLeaving #AMCSTRONG #ApesNotLeaving 

@unusual_whales @Sto…",,,,,,,,,,,
2,AbhiPandya1977,"RT @dogegirl_420: Oof. What a difference a year makes. Buying some of my favorite stocks no matter what the price is today. Kenny boy, show…",,,,,,,,,,,
-7,lindwalk44,RT @Tothemoon20221: @Stonk_Trader1 Do they realize how fucked they will be if they suspend AMC or GME for 48 hours? The FOMO would be insane,,,,,,,,,,,
6,PoopsieGang,@xxxthemarinexxx @trvsrdrgz Lmao Super Chat Matt? Guy routinely has people who shit all over $AMC &amp; $GME and kid just sits there lol I’m not watching that 🗑,,,,,,,,,,,
6,AMCNews8,I can't believe that Saul Goodman did this on the latest episode of Better Call Saul! Don Hector will like this new revelation. Stay tuned and follow AMC News for the latest info on your favorite shows! https://t.co/4oMqR8FrjT,,,,,,,,,,,
5,Valleynews6,RT @TaraBull808: Might be a good idea to know what a company does before pumping their stock @markminervini. 🙈 I think I'll stick with $AMC…,,,,,,,,,,,
0,mattymattjd,RT @amcsupporter: $AMC $GME - ⬇️⬇️⬇️👀,,,,,,,,,,,
1,JoseCodex,"RT @Saywhat43938305: Is your conviction being questioned?
Think about this, you've had the strength to overcome the difficulties you've fac…",,,,,,,,,,,
-1,shubdubb,RT @DickTugging: It’s naive to believe politicians will help. Should it be tried? Sure. Will it do anything but waste time and energy pumpi…,,,,,,,,,,,
0,mauivenandi,"RT @AMCWESTAND1: These micro numbers of $40,$70,$180,$900 or even 3K does not &amp; will not excite me.

The MOASS is what will excite me and t…",,,,,,,,,,,
-1,anncuties,"RT @ashwsbreal: robinhood decided this morning to suspend buying of AMC and GME stock because regular people were making too much money, pr…",,,,,,,,,,,
0,Unlimited_1UPs,RT @ApeMoneyClub: @Katniss_Stonks Can we get #NotGoodEnoughGary trending this week? @GaryGensler - Actions speak. Keep your words. #AMC #GME,,,,,,,,,,,
0,McgreckTravis,RT @masked_investor: I'm staying cool but @GaryGensler - where is the part 2 to this report where you call out the shorts and stop blaming…,,,,,,,,,,,
1,mrmurky,RT @gungirlnyc: #AMC #GME join me for a giant wave of #LETSGOGARY https://t.co/pZ6cLR7gHz,,,,,,,,,,,
0,AMCInvestor,"@citsecurities investors should run for the hills. Take your money and run! 

#AMCtothemoon #AMC #GME #AMCNOTLEAVING https://t.co/IpAW22TRu9 https://t.co/9iNLCQLK3o",,,,,,,,,,,
1,daprofit111,"RT @Fxhedgers: AMC CEO ADAM ARON SAYS BY YEAR END WILL ACCEPT BITCOIN, ETHEREUM AND DOGECOIN FROM Q1 -CNBC",,,,,,,,,,,
0,Bruce_K_Johnson,"#APESNOTLEAVING #TogetherStrong #GME #AMC #AMCSqueeze #AMCMOASS #CitadelScandal #IsCitadelSolvent #Citadel_Investors_Running @GaryGensler  @SEC_Enforcement #AreCitadelClientsLeaving @citsecurities @Citadel #KenGriffinRunningScared #KenGriffinCantSilenceUs 

#GaryGenslerSoldOut https://t.co/4QvvpqDVny",,,,,,,,,,,
2,ShdwLordMagista,"I like the stock. #800Challenge

#AMC https://t.co/yA0UFMqSH0",,,,,,,,,,,
3,Jesse14585568,"RT @ReviewDork: 4.1 million #AMC apes, if we buy and hold 20 more additional shares at current price (800 bux worth) !!! That’s 80 Million…",,,,,,,,,,,
7,gmehedge,@AlwayzKerakin @TaraBull808 lmayo - i mean twitter tells me to follow aa &amp; tarabul daily - ive saved many screenshots of this cuz its funny - it auto fills my #'s to amc army even tho ive never once wrote that 😂,,,,,,,,,,,
3,StasiaS68497061,@LizClaman Confetti did absolutely nothing to get me into #amc . Actually what happened in January peaked my interest. I’m like what is this all about . Let me in!,,,,,,,,,,,
0,misunartcloud,RT @LivesTorrence: @LizClaman thank you for being you.@CGasparino you are a disgrace.Anyone with basic market knowledge can see there is ma…,,,,,,,,,,,
0,UrAdOpTeD5,"RT @2_gekko: This is EXACTLY why so many believe (myself included) we have a stock that when it rips, will go to XXX,XXX + . Hedge funds kn…",,,,,,,,,,,
-2,PaRaSiTCoFF33,"RT @AMC_Apee: CHINA BANNED CITADEL FROM TRADING IN THEIR MARKET FROM 2015-2019…. FOR MALICIOUS SHORTING! 

AND THEY ARE THE ONES RUNNING TH…",,,,,,,,,,,
-2,Turban8r,"RT @AMC_Apee: CHINA BANNED CITADEL FROM TRADING IN THEIR MARKET FROM 2015-2019…. FOR MALICIOUS SHORTING! 

AND THEY ARE THE ONES RUNNING TH…",,,,,,,,,,,
-2,Paddyizhere,"RT @AMC_Apee: CHINA BANNED CITADEL FROM TRADING IN THEIR MARKET FROM 2015-2019…. FOR MALICIOUS SHORTING! 

AND THEY ARE THE ONES RUNNING TH…",,,,,,,,,,,
2,JeffAlv26041486,"#AMCSqueeze will bring a whole new generation of retail investors with deep pockets courtesy from our boy Kenny G . We will be more organized, more adverse and together 
wall street will change ,
we Will drain the swamp in the street .
#AMC 
BUY N HODL ! IS",,,,,,,,,,,
2,UrAdOpTeD5,"RT @ApesTogetherDoc: We should all support each other to the hilt as retail investors

Your financial decisions are your own and it’s your…",,,,,,,,,,,
6,EduardBrichuk,@WetDirtKurt @ThatGuyAstro @TaraBull808 @BossBlunts1 @AMC_Apee @AMCbiggums @xLaraAMC @KatStryker111 @ReviewDork @TradesTrey @ChefDrew702 @POTATO_INMYASS I agree 1000% with you. Truly appreciate every friend I have made. 🙈 Humbling! 🤩🤗 https://t.co/CcA8oyzwP6,,,,,,,,,,,
0,zcizek,RT @murcury78: #AMC #Assparino $AMC #Oompa #Loompa #doopitydoo https://t.co/Bbm61tqoJZ,,,,,,,,,,,
0,BlakeSharpless,@PrestonHillber2 I honestly think their trying to recruit AMC apes to switch to GME because they think if a lot did it would be catalyst to moass. AMC apes 🦍 not going for it tho,,,,,,,,,,,
-1,oldsport123,"RT @userofintellect: Gary Gensler does not care about #AMC or #GME squeezes. He cares about an ""orderly"" market. But no one asked how was i…",,,,,,,,,,,
-2,BRDInvest,"RT @ReviewDork: I miss when #AMC was as simple as buy, hold &amp; buy more until the shorts covered! The common denominator of all narratives!…",,,,,,,,,,,
-2,homeskooledape,"RT @AMC_Apee: CHINA BANNED CITADEL FROM TRADING IN THEIR MARKET FROM 2015-2019…. FOR MALICIOUS SHORTING! 

AND THEY ARE THE ONES RUNNING TH…",,,,,,,,,,,
0,misunartcloud,"RT @POTATO_INMYASS: Nothing to see here.

#amc #gme https://t.co/Lb7TQnBpSP",,,,,,,,,,,
-3,jay51528,"RT @GameStopAMC: CITADEL WOULDN’T BE BORROWING MILLION OF SHARES EVERYDAY, ROUTING 75% THROUGH THE DARK POOL, AND THREATENING TO SUE EVERYB…",,,,,,,,,,,
-3,ChristisKing19,"RT @AMC_Apee: PAYMENT FOR ORDER FLOW HAS BEEN BANNED IN ALMOST EVERY OTHER COUNTRY, AS IT ALLOWS FOR PEOPLE TO PROFIT OFF CORRUPTION! 

WHY…",,,,,,,,,,,
-1,DraganJichici,"RT @userofintellect: Gary Gensler does not care about #AMC or #GME squeezes. He cares about an ""orderly"" market. But no one asked how was i…",,,,,,,,,,,
0,nolimit92321224,If it’s not about #AMC or #GME unfollowed ASAP go ahead and post #clov or #hood ✌️,,,,,,,,,,,
2,dogespce,fr though I own both and have only ever seen people in $amc supportive of gme &amp; most I know own both as well. They call us a “distraction” but they’re always coming after us. $amc #amc both will moon we have the same goal. https://t.co/edF1zXdsSs,,,,,,,,,,,
-2,OLIEBHODLING,"RT @rocketastronaut: SET UP lit exchange , it’s the ONLY way we can “fix” the dark pool OTC “manipulation corruption” problem for now, get…",,,,,,,,,,,
0,misunartcloud,RT @jenne_roberts: 62.28 % of our volume today traded on darkpools and off exchange. We can decrease these numbers if everyone would order…,,,,,,,,,,,
0,Matt21133940,"@DOGstockhunter #amc, lfg!",,,,,,,,,,,
-5,charligiirl,"RT @cabronaaa_: Moon, you bitch. I’m ready. We’re all ready. $amc.",,,,,,,,,,,
-2,noodestination,"RT @LukasJosef8: 80% of $AMC have traded through Dark Pools today. I call this organized stealing, what do you call it @SECGov that is supp…",,,,,,,,,,,
3,memogal08791466,"RT @AMC_Apee: LET ME REMIND YOU @GaryGensler  THAT $AMC IS ONE OF THE MOST POPULAR STOCKS AMONG YOUNG RETAIL INVESTORS!

THE FUTURE GENERAT…",,,,,,,,,,,
3,ApePurplenurple,RT @Katniss_Stonks: Like this if you haven’t sold a single share of $AMC - Show the Shills who the real winners are. 🦍🙌🏻,,,,,,,,,,,
1,mrkeaton12345,@rocketastronaut But I also bought four more AMC shares so I'd say I am still fighting a good fight for our community,,,,,,,,,,,
0,JonahPeanut,RT @TaraBull808: For anyone who needs to see this... $AMC #AMC #AMCSTRONG https://t.co/GGpJxjwT7I,,,,,,,,,,,
3,jimbotaussie,"@manyfcdgod I enjoyed it , I look forward too the sequel , although I prefer the 1984 version for some reason. I also recently watched the T.V. mini series from 2000, not bad either . Just a pity I couldn't watch it in an #AMC theatre in Australia 🦍",,,,,,,,,,,
0,LiamInDC,"RT @petersuderman: saw DUNE for a third time, this time in the Georgetown AMC Dolby Theater, DC’s loudest, best-sounding theater

was, if a…",,,,,,,,,,,
0,MsAndySalvatore,RT @taylorravennn: @ItsZaeOk @yafavdeyj AMC just announced that they’re adding closed captioning to their movies! https://t.co/m7NhaPwb80,,,,,,,,,,,
0,cheeto_shane,"RT @masked_investor: Tomorrow

#Citadelisnotretail &lt;- Write this down ✍️ 

#AMC #GME #APESNOTLEAVING",,,,,,,,,,,
0,Debbiedebs888,"RT @AMC_Apee: CITADEL GOES TO COURT TOMORROW TO SAY THEY ARE PROTECTING RETAIL INVESTORS.

KEEP IN MIND THE SEC ALREADY HAS A SYSTEM READY…",,,,,,,,,,,
2,DavidBluaway30,Monday is like a weekend when tracking the MOASS! #AMC,,,,,,,,,,,
2,snoop_dog_3,"RT @userofintellect: BREAKING: Sumitomo Mitsui Trust Holdings filed another 13f today disclosing ownership of 1,412,110 shares of #AMC valu…",,,,,,,,,,,
3,CrevolutionAm,"RT @jenne_roberts: Hey fidelity users you can now order lit on the app!!!! This is great! 
Turn beta on 
Go to profile then settings 
And t…",,,,,,,,,,,
0,scha61261,"RT @GMEmoreAMC: @dlauer SPREAD THE WORD #APENATION!

DOWNLOAD LINK 4 GIF!

POST IT EVERYWHERE!

https://t.co/hzVJICx335

#CitadelIsNotRetai…",,,,,,,,,,,
4,Ayman_haji10,#shorts #AMC #funny https://t.co/tPv9YtB2iJ,,,,,,,,,,,
3,mattymattjd,RT @MakerLev: Show me you love #AMC stock without telling me!,,,,,,,,,,,
0,GramsDreams,"RT @Ryan__Rigg: As of 11:43am EST, $AMC is trading 65% “OFF-EXCHANGE” with 5.9M in volume. 9.1M volume so far for the day. 7% of all volume…",,,,,,,,,,,
0,mistlemonie,"RT @nghidaidam: #adoptmetrades dm or comment if you have nfr rabbit/ snow puma/ bunny
offering 70 robux with tax/5k amc for 1
also have rid…",,,,,,,,,,,
0,jonesofthenort1,"RT @DrTrillions: DIRECT ROUTING.

USE IT.

ROUTING ONLY TO LIT EXCHANGES CAN TURN THE TIDE VERY QUICKLY, PEOPLE. 

$GME $AMC #MOASS #DIAMON…",,,,,,,,,,,
3,BotBama,"$WBX $AMC $DWAC $BKKT 
ABSOLUTE TRUTH!!!! ❤

#WBX #DWAC #BKKT #AMC",,,,,,,,,,,
3,BrianSaxon,@rifftrax we were so excited to see tonight’s show but our AMC can’t get the audio! Will the show be available to download at some point?,,,,,,,,,,,
3,bornw1cked,@davidmarinojr Hahahahhahaha nice one! a Bullish sign for #AMC,,,,,,,,,,,
3,AMC_Apee,"WHY DO THESE VIDEOS GIVE ME BLUES CLUES VIBES?? 

LOL $AMC #AMC #AMCSQUEEZE https://t.co/9zwhWgHJw5",,,,,,,,,,,
2,MarkItMakeIt7,"@valdemings Will u join a space call 2 address the shortcomings in market exchanges surrounding regulations &amp; actions that prevent fair fields 4 retail investors?

#RetailInvestorsUnited #CitadelScandal #KenGriffinLied #AMC #GME #BanCitadel #Jan28th2021 #FreeAndFairMarket #SubpoenaTheTrades",,,,,,,,,,,
0,YourChartsBaked,I am watching many new “newbie” friends dive in to the markets. #crypto &amp; #stocks. Times are changing like crazy. Things will never be the same @SECGov do your job. $amc $gme,,,,,,,,,,,
-3,Vher112191,RT @TaraBull808: Rooting against each other helps no one. I want to see everyone make money! I refuse to sit idle or be a hater. Get that b…,,,,,,,,,,,
0,MoeBFU,@AntonioTheMexi The only stocks I have in my Fidelity portfolio are AMC &amp; PROG. Crypto in my Voyager portfolio are DOGE SHIB &amp; BTC,,,,,,,,,,,
2,rich_stonk,"RT @masked_investor: Apes man, nothing like us 
#BlockGasparino 
#AMC #GME #APESNOTLEAVING https://t.co/A8zKIstY7v",,,,,,,,,,,
1,InFacebookJail,"$SHIB = LAMBOS

$AMC = RETIREMENT FOR MY KIDS KIDS

You don’t like it? I didn’t fucking ask 😘

#AMC is going to take us to the moon…then $SHIB will rocket us into oblivion 🦍♥️🐕🚀🌙

#AMCSTRONG #AMCtothemoon #AMCNOTLEAVING #SHIBARMY https://t.co/JkSU5vMNZh https://t.co/ARnbhgfYqz",,,,,,,,,,,
3,almostbuddha2,"RT @AMCTheatres: Everything has led to this. Experience the action and charm of @007, when you see #NoTimeToDie. Now playing at #AMCTheatre…",,,,,,,,,,,
3,keshlovesamc,@NathanG16894548 they all didn’t do as good as expected for earnings. nothing to do with amc or gme,,,,,,,,,,,
-3,kafka83384544,@matt_kohrs explaining #Pelosi  et al stock scandal. Must watch. #ApesTogetherStrong #amc #moongang #ApeNation  https://t.co/x7xIETj2yQ,,,,,,,,,,,
0,__lovelyjin,"@Chelsea_amc @TamlvsJin rt, suele funcionar",,,,,,,,,,,
0,BlestOutWest,@Ryan__Rigg Hodling AMC SHIB GME,,,,,,,,,,,
-3,ThaBigM,"@clarkey_amc @MudauThama5 @tshidi_lee It doesn't matter who you, just don't let it be the greedy ANC.",,,,,,,,,,,
-1,WhyOhWh66630346,"#WOLVERINU is going PARABOLIC , please don’t miss the train!

 #dogecoin $BTC #LTC #XRP #Tezos $GRT #SKL #DASH #MKR #AAVE #ankr #XLM $ETH $ALGO #Telcoin #XRP #RUNE $AMP #QNT $MANA $snx $clv #EOS #storj $QNT #LPT #ZRX #NFT #ACH $ENJ #AMC $icp $emax $shib #cryptocurrency #crypto https://t.co/UDBRLTR3G2",,,,,,,,,,,
2,AMC_Karen831,@shibu_smile ハッピーハロウィン🎃,,,,,,,,,,,
1,519HockeyCards,"RT @BTCTN: ""Our IT group is writing code so that soon we can accept online payments in #bitcoin, #ethereum, #litecoin, and #dogecoin among…",,,,,,,,,,,
2,Billy04584103,"RT @AMCTheatres: Prepare for #NoTimeToDie with Bond, James Bond himself. Watch our exclusive interview with Daniel Craig and get your ticke…",,,,,,,,,,,
1,BossBlunts1,"Drop your questions HERE ASAP for #LogTheFloat as I'm working on the FAQ section right now. 
Thank you $AMC $GME HOLDERS #apenation https://t.co/T7VT94eBFF",,,,,,,,,,,
6,M_Suydam,"RT @HotShib: Looks like @CEOAdam of $AMC is considering $SHIB as a payment option, a brilliant marketing idea if you ask me. But will peopl…",,,,,,,,,,,
0,Swyzll,"RT @TOFIQFAZL: $AMC  Adam Aron says he has a surprise  waiting for investors , he won't say what it is , we have to wait until next week to…",,,,,,,,,,,
4,yomama1005,"@reneenee652003 @WalkingDead_AMC @OriginalFunko when he bit joes throat, that scene jus proved he was willing to do whatever it took to protect his loved ones",,,,,,,,,,,
0,theanontron,RT @PeterRHann1: Just a simple message today. What are the 13F's showing regarding GME and AMC? Institutions on the whole continue to be bu…,,,,,,,,,,,
4,MoonShotUK,"🚨#HoldingCostsUsNothing🚨

WE MUST NOT OVER COMPLICATE THIS PLAY.ITS SIMPLE

MY STRATEGY IS TO BUY THE DIPS ,ACCUMULATE THE STOCK &amp; HOLD THE STOCK UNTIL THEY COVER THE BILLIONS OF SYNTHETIC SHORT SHARES .

*NOT FINANCIAL ADVICE 

#AMC #GME #MOASS #AMCSQUEEZE #ApesTogetherStrong https://t.co/7MIrVGWiBm",,,,,,,,,,,
0,_ultimateBR,"RT @TRUExDEMON: I'm ready for a whirlwind of a Monday. Godspeed, fellow apes. 

$AMC $PROG $BBIG",,,,,,,,,,,
0,fairy51094936,RT @ahmdahshan: بيان للسفارة الروسية بالقاهرة، وبناءً على المعلومات الواردة من القنصلية الروسية بالغردقة، تعرض 40 سائح روسي لتسمم جماعي في…,,,,,,,,,,,
0,japne1,RT @jhuntermav: The risk/reward on $AMC and $GME is still unlike anything I’ve ever seen,,,,,,,,,,,
5,MehulRRao,"#AMC $AMC - For some reason, I am feeling it will be an awesome day tomorrow for AMC. To the moon. 🚀🚀🚀🚀🚀🚀🚀🚀🚀🚀🚀🚀🚀🚀🚀🚀🚀🚀🚀🚀🚀🚀🚀🚀👍🏻👍🏻👍🏻",,,,,,,,,,,
6,jsturg,"RT @CEOAdam: We are so pleased that more than 365,000 people have joined our free AMC Investor Connect communications and rewards program f…",,,,,,,,,,,
0,Sherry_2021,RT @TaraBull808: Looking forward to what $AMC does tomorrow after After Hours today 🤩,,,,,,,,,,,
0,mkfc1981,RT @LucrativeLuApe: $AMC https://t.co/xb1LGURMRj,,,,,,,,,,,
2,ddihughes57,@amc_amc349 @soledadobrien What right? To be a first responder that helps you contract Covid? Get a clue.,,,,,,,,,,,
-2,abderrazz1,"RT @TradesTrey: I’ve gotten some predictions right over the past 10 months, some wrong - I like to think more right than wrong

But the one…",,,,,,,,,,,
2,ILIKETHESTOCK35,@tallstreetbets Poured some out too…into my belly. #AMC 🚀 https://t.co/n5RYSavJ3g,,,,,,,,,,,
8,BuyDipShortHigh,"Guys,I’m taking a night off,made too much money today so going out to celebrate!!!
$JASMY 
$ANKR 
$MANA
$ASM
$ARPA 

Let’s get RICH TOGETHAAAA!!

On side note :

$AMC #AMC on her way to pull that $CAR squeeze🔜🦍🦧 make sure to not be little bi**and paper🤚
🌙 is where we heading https://t.co/KHCMTv2DvP",,,,,,,,,,,
2,BigApeGreen,"RT @YassineCorse: #AMC 

It’s clearly not a good idea to bet against AMC…

Valeo suffer $220 000 loses in its PUT against AMC and close the…",,,,,,,,,,,
0,randyd223,@yaniv_sarig Now do AMC,,,,,,,,,,,
0,herb_83,@BananasDiamond @AMC_Apee The bigger the potato the bigger the squeeze. Take one for the team brother.,,,,,,,,,,,
0,GrahamBrechin,"RT @DrTrillions: JANUARY 28, 2021

A DAY WHICH WILL LIVE IN INFAMY.

TRILLION$ HAS BEEN HERE SINCE THE START.

$GME $AMC #MOASS #DIAMONDHAN…",,,,,,,,,,,
0,MassivAttack0,Spear/Bow Level 60 gameplay #AMC #GME discussions !discord | !socials Follow me on Twitter for reliable stream updates! https://t.co/VmvilVc3t4,,,,,,,,,,,
3,ManuSimPo,"RT @Troy_OG_APE: YA’LL THOUGHT TODAY WAS EXCITING? WAIT UNTIL $AMC STARTS HITTING TRIPLE, QUADRUPLE, QUINTUPLE DIGITS
#AMC #AMCtothemoon",,,,,,,,,,,
0,Varcce,FINALLY...  Code AMC #ad https://t.co/Z2WHpcWyhO,,,,,,,,,,,
0,LongOnAMC,"They never intended on covering. Now, the short sellers may not have any other choice. #AMC #AMCSQUEEZE",,,,,,,,,,,
-2,TradingTigre,RT @AlderLaneeggs: Gasparino is a Short Small minded coward so now the Apes Officially have me in $AMC.. Lets see what happens @TaraBull808…,,,,,,,,,,,
0,montrealinvest1,@AntonioTheMexi Who’s buying at market open! #AMCtothemoon #AMC #AMCSQUEEZE,,,,,,,,,,,
0,TamerKideys,RT @DmanTheDirector: Is the #MOASS from #AMC happening this week?! With the release of the eternals from @Disney @Marvel @AMCTheatres this…,,,,,,,,,,,
0,DJ_Double_C,"RT @AMC700K: For everyone FOMO BUYING INTO $AMC #AMC When market opens tomorrow:
BUY THROUGH LIT EXCHANGE. (ROUTING THROUGH IEX). Fidelity…",,,,,,,,,,,
5,batra_snehit,"$AMC ""Pay""tiently 💵 waiting like the rest of the di💎mond handed 🦍 worldwide! 🆙

#AMC #Bullish https://t.co/WeERveyIQ0",,,,,,,,,,,
3,GrahamBrechin,RT @briittany_____: I love spicy after hours for #AMC 🥵🔥,,,,,,,,,,,
0,JaySushi1,RT @matt_kohrs: #AMC &amp; #GME after hours https://t.co/4U264qGwsX,,,,,,,,,,,
0,Geoworld15,RT @TaraBull808: @AlderLaneeggs $AMC $GME $BB $BBBY $KOSS https://t.co/LhktLWLoo3,,,,,,,,,,,
0,AMC_Karen831,@kiyomi_limone おめでとうございます🎉,,,,,,,,,,,
1,_chungster_,"RT @dlauer: GME and AMC are CRANKING today, both flying high by almost 10% off the open. The 30d charts are really something, clear correla…",,,,,,,,,,,
9,michelangeluu,"RT @shibainuart: Good morning @CEOAdam, would love to discuss the results of the poll for $SHIB x $AMC, we as a community would love to go…",,,,,,,,,,,
0,POPLIFEITSCRAZY,RT @RoenschCapital: $AMC Testing that dreaded $43 area of resistance. Held incredibly strong off the open!,,,,,,,,,,,
0,tatonka00,"RT @CEOAdam: AMC announces an expansion. Going into the multi-billion dollar popcorn industry in 2022. Freshly popped at malls, home delive…",,,,,,,,,,,
8,ianxry,"RT @OliverLakay: Hello friends, I'm giving away a free AMC share!! For a chance to win, simply:  
👉🏾Follow me
👉🏾Comment #DividendOllie
👉🏾Re…",,,,,,,,,,,
0,bereromerog,RT @analialedesmaec: @JaimeVillacrese @amc ¡Urgente! En invasión La Cruz de El Quinche acaban de agredir a Vocal del GAD Paola Durán por po…,,,,,,,,,,,
3,Davidew34852142,"RT @dataoogie: What a week. All my $AMC $GME $BBIG $PROG fam have a good weekend except for you @GaryGensler @SECGov, you've had enough res…",,,,,,,,,,,
3,GintzWilliam,RT @shubdubb: Well that was a green ending ! Have a great weekend !! #AMC #AMCtothemoon #AMCSTRONG #APESNOTLEAVING #DiamondHands 💎💎💎💎💎💎💎💎💎🤑…,,,,,,,,,,,
1,LoadMobileApp,RT @honee70: #AMC  #AMCSQUEEZE 🍋 https://t.co/ZMwkjpZ5kj,,,,,,,,,,,
1,TheMedDesignz,$AMC no politics only popcorn 🍿 💫,,,,,,,,,,,
1,frontlinelis,RT @anna04009096: $AMC wonder if the hedgefunds will tank it on monday or if they will no longer be capable of it ✨,,,,,,,,,,,
0,JC46086891,#DiamondHands #AMC,,,,,,,,,,,
3,Stella_Elliston,$AMC nice! We finish green $41.75,,,,,,,,,,,
0,GintzWilliam,"RT @jhuntermav: Almost Money

$AMC https://t.co/c8fij3q9mn",,,,,,,,,,,
0,cwine2010,"RT @APE__TRADE: #memestock Merch in! New #SHIB merchandise in, new #AMC merchandise in, new #wallstreetbets  Screw Hedgies NFT hoodies, AMC…",,,,,,,,,,,
3,Insurance_NW,"@PeterRHann1 I thought today was a good day for AMC! Patience pays!!! It’s still on clearance. 🤣
Apes take over!!!!! 🦍🦍🦍🖤🖤🖤🦍🦍🦍🖤🖤🖤🦍🦍🦍🕹🍿
#samestockdifferentticker  #AMCtothemoon #AMCARMY #AMCWeLoveTheStock #AMCNOTLEAVING  $AMC $BB $GME #logthefloat #AMCSQUEEZE
#BuyThePopcorn",,,,,,,,,,,
0,D40794074Dias,"RT @rockstar_stocks: $GME $AMC video out!
-AMC joins the popcorn industry!
-DD on how hedge funds are canceling out the momentum
-Technical…",,,,,,,,,,,
3,Insurance_NW,"@PamTheTrader1 @newyork_angelo I thought today was a good day for AMC! Patience pays!!! It’s still on clearance. 🤣
Apes take over!!!!! 🦍🦍🦍🖤🖤🖤🦍🦍🦍🖤🖤🖤🦍🦍🦍🕹🍿
#samestockdifferentticker  #AMCtothemoon #AMCARMY #AMCWeLoveTheStock #AMCNOTLEAVING  $AMC $BB $GME #logthefloat #AMCSQUEEZE
#BuyThePopcorn",,,,,,,,,,,
-1,AndyTheGreat100,"RT @CryptoZoroo: Sei dabei wenn #MXSamurai die weltweiteste crypto marketing firma der Welt wird. 

Es lohnt sich 😉
https://t.co/luHkBntd5W…",,,,,,,,,,,
1,rawwlo,@KatStryker111 @TaraBull808 Me too Miss Kat 😊 all in #AMC #AMCNOTLEAVING 🦍💪🚀,,,,,,,,,,,
1,GintzWilliam,"RT @GordonLeonard19: Hey @CEOAdam I had to share this with you for an idea with your upcoming popcorn endeavor, because this Reddit user ha…",,,,,,,,,,,
0,theKIDReturns,@BossBlunts1 @cheeto_shane @userofintellect @jhuntermav @YouTube #LogTheFloat is nothing but the latest #AMC grift. Apes beware. https://t.co/8HOfbi1v7E,,,,,,,,,,,
0,LoadMobileApp,When are we getting our money from hedge funds ?? #amc #CitadelScandal,,,,,,,,,,,
-2,jenna_amc,RT @_nightcrawleer: Eh frère ya plus rien là tout va bien qu'il commence mm pas,,,,,,,,,,,
0,SmileAI10,$AMC 🛸 if you are ape you are superhuman in my book 💓💓💓 💯,,,,,,,,,,,
2,johnny09759600,"RT @StocksOnlyVp: $Amc tried to shoot up right before close good sign for Monday !
#AMCtothemoon",,,,,,,,,,,
0,chefbaily,RT @YoloTakeCare11: I can’t wait to tell my grandchildren this story “paw paw how did our family get all this money “ this is going to be a…,,,,,,,,,,,
2,Health_Club2,"$AMC , head… ⭐ https://t.co/QhQDYyzBPZ",,,,,,,,,,,
2,DavesNotLeaving,RT @rocketastronaut: bullish as FOCK $AMC I like the stock,,,,,,,,,,,
0,amc_munoz,‘Más Oaxaca en el mundo y más mundo en Oaxaca’ 👏🏼👏🏼👏🏼👏🏼 #ONU #Alebrijes #Oaxaca #NYC #EEUU @ONU_es https://t.co/AomkzSigzL,,,,,,,,,,,
6,keitousifight,"RT @tradetool1: 11/8週の注目決算。
今週は忙しくなりそうです🙃

👍 11/8（月）
$TTD $AMC $RBRX $PYPL

👍 11/9（火）
$PLTR $UPST $U $FUBO $NIO $COIN $DMTK $GLBE

👍 11/10（…",,,,,,,,,,,
2,BitcoinUniv3RS3,"RT @_DavidVsGoliath: ALL ARE WELCOME!

MONDAY 11/8 4PM EST
$AMC Earnings Call
Live Stream
MEGA APE UNITY CALL!

Discussion of the earnings/…",,,,,,,,,,,
0,investment0808,"RT @CEOAdam: More than 10,000 people listened to each of our last two AMC earnings calls. A reminder you all are invited to our webcast Q3…",,,,,,,,,,,
3,TimothyCote18,"Apes don’t have a million dollar ad budget.
We do have a massive army with a massive social media reach.🍿
We can do small things that have tremendous power when we cooperate together.🍿

Monday, we push these hashtags &amp; get into the top spots🍿

#AMC_Q3isPOPPING
#AMCisOurCompany https://t.co/Vvv70zu4Wq",,,,,,,,,,,
0,StevenG53708885,@AdrianE1337 Job well done Aron!! AMC is our next Tsla,,,,,,,,,,,
0,WendysEmployee9,RT @MarketRebels: $AMC is exploring creating its own cryptocurrency,,,,,,,,,,,
1,SnowsBurner,@CGasparino @CEOAdam AMC exploring accepting squid game token,,,,,,,,,,,
1,SHIBA1stINDIA,"RT @WatcherGuru: JUST IN: $AMC has just announced on their earnings call, that they are “exploring” how they can accept #Shib for payments!",,,,,,,,,,,
-4,RizoStonks,"What⁉️@MarketWatch
“Self professed Apes, created the volatility in the stock market”
You are so wrong, didn’t Wall Street create this unstable market conditions by massively #nakedshorting stocks $AMC $GME &amp; flooding the market will Billions of synthetics
https://t.co/BVB3M0aVQ3",,,,,,,,,,,
7,DarrenW59378496,RT @Ws_Viking: LMFAO I LOVE APES!!! I AM AN APE! $AMC $PROG 😂💯🚀🌙 https://t.co/lo373EEcUL,,,,,,,,,,,
3,Gare82119755,@ReviewDork AMC is at 37.00! I love Holiday Sales! Go Get some APES!,,,,,,,,,,,
2,WITWhat,I’m really sorry that SSHA planned my AMC for 8am ET. I can’t in good conscience expect to see any of you there. 🤷🏻‍♀️,,,,,,,,,,,
-2,whesner,"@dDA4_ @thisisorlando @CEOAdam Look the man is 67 years old not 24 like most GME holder's.
Problem is most GME holder's think in a different timeline than @CEOAdam  who is well aware of what we did and how we did it. Trust me if retail drops $AMC he knows it's over. MM's pushed that also.
Don't spread fud!",,,,,,,,,,,
1,cheeto_shane,IT ONLY TOOK 10 MINUTES OF TRADING TODAY TO EXCHANGE THE TOTAL SHARES ADAM ARON SOLD. $AMC,,,,,,,,,,,
-7,yayuh2020,Yeah Kenny need to take that stick out of his ass and put a potato in his ass. #CitadelScandal @citsecurities @POTATO_INMYASS @AMC_Apee #AMC $AMC #AMCNOTLEAVING https://t.co/Mq1VSU25PZ,,,,,,,,,,,
0,Ihaveaweirditch,RT @ballen_50: SHILL 1 and SHILL 2 #AMC #AMCSQUEEZE #LETSGOGRIFFIN #STUPIDSHILLS $AMC https://t.co/CdLkXlSg6f,,,,,,,,,,,
1,padawanemily,I went to the movies by myself for the amc #DisneyPlusDay  surprise movie.  I went to see an animated movie lol but the movie they showed was The Rocketeer. Was that a mistake? Cause that’s definitely not animated😂 https://t.co/fmIVDfaLID,,,,,,,,,,,
-1,dankstonker,"RT @anthony_eiland: $AMC Food is expensive, people aren’t going back to work, supply chains are backed up, and China’s problem absolutely i…",,,,,,,,,,,
2,webnowcompany,"Movie theater giant AMC is finally accepting Bitcoin (BTC), Ethereum (ETH) and other cryptos as forms of payment after months of anticipation. AMC CEO Adam...Read more: https://t.co/OiZ7APUjb8",,,,,,,,,,,
4,JDWorldii,"RT @CEOAdam: Big newsflash! As promised, many new ways NOW to pay online at AMC.  We proudly now accept: drumroll, please… Bitcoin, Ethereu…",,,,,,,,,,,
-5,MyStonksAccount,"RT @TOFIQFAZL: $AMC Citadel faces great risk of massive withdrawal of funds by investors , due to the bad press &amp; media reports of the past…",,,,,,,,,,,
-3,Tonches323,RT @TOFIQFAZL: $AMC  November 15th. is the deadline  for investors of hedge funds to inform them of redemption / withdrawal of their funds.…,,,,,,,,,,,
0,amandaparentt,RT @taylorswift13: I can’t begin to express my gratitude to Sadie and Dylan for giving us everything they had in order to tell this story.…,,,,,,,,,,,
0,Drahcirkendar,https://t.co/G2ZwC0He93,,,,,,,,,,,
4,eYe_inDa_sKy,"They said it couldn't be done. Now look. 

CONFERENCE CHAMPIONS!!!

So proud of my AMC squad!!!
#RTB https://t.co/r9IyTpAlUW",,,,,,,,,,,
0,fbeaaa,RT @taylorswift13: I can’t begin to express my gratitude to Sadie and Dylan for giving us everything they had in order to tell this story.…,,,,,,,,,,,
0,GorillaLife1,"RT @realAlexMathew: Heel Dragging | When your @AMC / @GME sell orders do not get filled, &amp; What to do if that happens.... If you find value…",,,,,,,,,,,
0,clara_lmd,RT @taylorswift13: I can’t begin to express my gratitude to Sadie and Dylan for giving us everything they had in order to tell this story.…,,,,,,,,,,,
0,sofiaaa59911275,RT @taylorswift13: I can’t begin to express my gratitude to Sadie and Dylan for giving us everything they had in order to tell this story.…,,,,,,,,,,,
11,fviryrin,"⊹ ✦ 。1-2k AMC Giveaway! °˖ ✧ ១

rules to join (´▽`ʃ♡ƪ) . . .

🍓꒱ؘ ࿐ Follow me @SSShaneru+ @m1l3sx w/ 🔔
🍰꒱ؘ ࿐ Like + RT
🍬꒱ؘ ࿐ Comment why u wanna win!
Flop = Delete/Repost
Extras in thread 

Layout by @.GothxcK ˚₊‧♡ ੈ",,,,,,,,,,,
0,grantleysnipes,@StonksBatman @elonmusk @CEOAdam @AMCTheatres @elonmusk should make a deal with @CEOAdam to put the first $AMC theater on Mars.,,,,,,,,,,,
-3,HonnDonald,"RT @StonksBatman: @elonmusk and @CEOAdam 

Here this deal out.

@elonmusk give @AMCTheatres $5 billion to pay off its debt.

#AMC has a 300…",,,,,,,,,,,
0,KyleRol53162613,#AMC https://t.co/MyPyxoY5ic,,,,,,,,,,,
5,JasperEffinReed,"Donate for a good cause! 
#fairermarkets #amc #gme #AMCAPES #ApesTogetherStrong #Citadelisnotretail #AMCARMY https://t.co/kjkPXd64Ua",,,,,,,,,,,
1,MentalShift13,"As it's getting later in the evening,I feel my heart beating a little faster and a euphoria in my aura and psych. 
Aka tits fully jacked 
$AMC $PROG 
LFG APES",,,,,,,,,,,
0,katrina_slds,RT @taylorswift13: The first ever performance of All Too Well (10 min version) was at the AMC 13 theater in front of 400 fans. We recorded…,,,,,,,,,,,
0,YBirkins,RT @taylorswift13: The first ever performance of All Too Well (10 min version) was at the AMC 13 theater in front of 400 fans. We recorded…,,,,,,,,,,,
0,honeyjl26,RT @taylorswift13: The first ever performance of All Too Well (10 min version) was at the AMC 13 theater in front of 400 fans. We recorded…,,,,,,,,,,,
0,iandlrso,RT @taylorswift13: The first ever performance of All Too Well (10 min version) was at the AMC 13 theater in front of 400 fans. We recorded…,,,,,,,,,,,
2,csskahlil,"RT @CEOAdam: Attention #SHIBArmy: Our friends @Bitpay decided to support Shiba Inu specifically because I asked, so AMC can take Shiba Inu…",,,,,,,,,,,
2,Ajdeusz,"RT @TaraBull808: With the announcement of $AMC accepting $Shib, shorts should be Tarafied! 😈",,,,,,,,,,,
0,contrarian1989,RT @taylorswift13: The first ever performance of All Too Well (10 min version) was at the AMC 13 theater in front of 400 fans. We recorded…,,,,,,,,,,,
0,lhnzltsof,RT @taylorswift13: The first ever performance of All Too Well (10 min version) was at the AMC 13 theater in front of 400 fans. We recorded…,,,,,,,,,,,
0,StockStonk888,"$AMC

dispense the last of today's ammunition

53min

LFG

#AMC #AMCSQUEEZE #APESNOTLEAVING",,,,,,,,,,,
0,cvnismvjor,RT @taylorswift13: The first ever performance of All Too Well (10 min version) was at the AMC 13 theater in front of 400 fans. We recorded…,,,,,,,,,,,
0,Lihorehoung13,RT @taylorswift13: The first ever performance of All Too Well (10 min version) was at the AMC 13 theater in front of 400 fans. We recorded…,,,,,,,,,,,
2,RafaelEIrigoye1,"RT @CEOAdam: Attention #SHIBArmy: Our friends @Bitpay decided to support Shiba Inu specifically because I asked, so AMC can take Shiba Inu…",,,,,,,,,,,
0,Elijem_ccs29,RT @taylorswift13: The first ever performance of All Too Well (10 min version) was at the AMC 13 theater in front of 400 fans. We recorded…,,,,,,,,,,,
2,cubanpit1,"RT @CEOAdam: Attention #SHIBArmy: Our friends @Bitpay decided to support Shiba Inu specifically because I asked, so AMC can take Shiba Inu…",,,,,,,,,,,
0,yuweremine,RT @taylorswift13: The first ever performance of All Too Well (10 min version) was at the AMC 13 theater in front of 400 fans. We recorded…,,,,,,,,,,,
2,gallegos132,"RT @CEOAdam: Attention #SHIBArmy: Our friends @Bitpay decided to support Shiba Inu specifically because I asked, so AMC can take Shiba Inu…",,,,,,,,,,,
2,tylxr1,"RT @CEOAdam: Attention #SHIBArmy: Our friends @Bitpay decided to support Shiba Inu specifically because I asked, so AMC can take Shiba Inu…",,,,,,,,,,,
0,iS2york,RT @taylorswift13: The first ever performance of All Too Well (10 min version) was at the AMC 13 theater in front of 400 fans. We recorded…,,,,,,,,,,,
0,_xsamie,RT @taylorswift13: The first ever performance of All Too Well (10 min version) was at the AMC 13 theater in front of 400 fans. We recorded…,,,,,,,,,,,
0,Imheref86729896,RT @taylorswift13: The first ever performance of All Too Well (10 min version) was at the AMC 13 theater in front of 400 fans. We recorded…,,,,,,,,,,,
0,nataliaohara12,RT @taylorswift13: The first ever performance of All Too Well (10 min version) was at the AMC 13 theater in front of 400 fans. We recorded…,,,,,,,,,,,
1,CryptoPeanutBr1,"RT @AltcoinDailyio: AMC Theaters now accepts $BTC, $ETH, &amp; $LTC. Who wants to go to the movies?",,,,,,,,,,,
0,ArtzHiromi,RT @taylorswift13: The first ever performance of All Too Well (10 min version) was at the AMC 13 theater in front of 400 fans. We recorded…,,,,,,,,,,,
2,rich_stonk,RT @TaraBull808: We did it #SHIBARMY!!! 🚀 #AMC,,,,,,,,,,,
0,taeyeonrubyhun,RT @taylorswift13: The first ever performance of All Too Well (10 min version) was at the AMC 13 theater in front of 400 fans. We recorded…,,,,,,,,,,,
1,stocks_tweets,AMC to accept Shiba Inu for payment within 120 days https://t.co/gaJTOIDsNs https://t.co/QbqeZu009m,,,,,,,,,,,
2,Christo98988872,"RT @CEOAdam: Attention #SHIBArmy: Our friends @Bitpay decided to support Shiba Inu specifically because I asked, so AMC can take Shiba Inu…",,,,,,,,,,,
0,ScarUnfiltered,RT @taylorswift13: The first ever performance of All Too Well (10 min version) was at the AMC 13 theater in front of 400 fans. We recorded…,,,,,,,,,,,
0,direction_babe,RT @taylorswift13: The first ever performance of All Too Well (10 min version) was at the AMC 13 theater in front of 400 fans. We recorded…,,,,,,,,,,,
0,chicago_grow,Check out my NFT listing on OpenSea! https://t.co/hAYTPBnCfN via @opensea #NFTs #nft #nftcollector #nftcommunity #nft #nftcollection #shiboshi #ETH #mana #matic #nfttime #buyone #nftwithme #nftdrop #nftdrops #boredape #amc #boredape #nftnyc #opensea #digitalart,,,,,,,,,,,
2,Willzdtr,"RT @CEOAdam: Attention #SHIBArmy: Our friends @Bitpay decided to support Shiba Inu specifically because I asked, so AMC can take Shiba Inu…",,,,,,,,,,,
2,MaxHPF,"RT @CEOAdam: Attention #SHIBArmy: Our friends @Bitpay decided to support Shiba Inu specifically because I asked, so AMC can take Shiba Inu…",,,,,,,,,,,
0,Dracarjss,RT @taylorswift13: The first ever performance of All Too Well (10 min version) was at the AMC 13 theater in front of 400 fans. We recorded…,,,,,,,,,,,
2,CartelAdonis,"RT @CEOAdam: Attention #SHIBArmy: Our friends @Bitpay decided to support Shiba Inu specifically because I asked, so AMC can take Shiba Inu…",,,,,,,,,,,
0,TheSilaTrader,BTC May 7th dip... compared to #AMC May 7th rip.. https://t.co/QJ249Q0286,,,,,,,,,,,
1,PaulPlamothe,RT @2HOT4AMC: When $AMC is ready to pull the trigger on their NFT vision they should go the rumored $GME route &amp; use LOOPRING blockchain te…,,,,,,,,,,,
0,xymbluwr,RT @taylorswift13: The first ever performance of All Too Well (10 min version) was at the AMC 13 theater in front of 400 fans. We recorded…,,,,,,,,,,,
0,Souskendrick,RT @taylorswift13: The first ever performance of All Too Well (10 min version) was at the AMC 13 theater in front of 400 fans. We recorded…,,,,,,,,,,,
0,jehronim0,RT @taylorswift13: The first ever performance of All Too Well (10 min version) was at the AMC 13 theater in front of 400 fans. We recorded…,,,,,,,,,,,
4,AlmightyHeatclf,$AMC Haha huge sell orders. Every one moving to shiba ️,,,,,,,,,,,
2,allanjrx373,"RT @CEOAdam: Attention #SHIBArmy: Our friends @Bitpay decided to support Shiba Inu specifically because I asked, so AMC can take Shiba Inu…",,,,,,,,,,,
0,hsgrnde,RT @taylorswift13: The first ever performance of All Too Well (10 min version) was at the AMC 13 theater in front of 400 fans. We recorded…,,,,,,,,,,,
2,blakeh2011,"RT @CEOAdam: Attention #SHIBArmy: Our friends @Bitpay decided to support Shiba Inu specifically because I asked, so AMC can take Shiba Inu…",,,,,,,,,,,
2,XengLor6,"RT @CEOAdam: Attention #SHIBArmy: Our friends @Bitpay decided to support Shiba Inu specifically because I asked, so AMC can take Shiba Inu…",,,,,,,,,,,
0,D87Dro,RT @GMEmoreAMC: @TaraBull808 @CEOAdam @BitPay @AMCTheatres #SHIB $SHIB #SHIBARMY #SHIBARMY1M @TaraBull808 @CEOAdam #AMC $AMC #ApeNation #AM…,,,,,,,,,,,
1,kara_no_kyokai_,$AMC The Macd instead of crossing under bounced up. The last time it did this was May 24. Attached photo in thread. Big moves coming ️ https://t.co/QvKj7BbROO,,,,,,,,,,,
0,chiaweiswift,RT @taylorswift13: The first ever performance of All Too Well (10 min version) was at the AMC 13 theater in front of 400 fans. We recorded…,,,,,,,,,,,
0,shjdonah,RT @taylorswift13: The first ever performance of All Too Well (10 min version) was at the AMC 13 theater in front of 400 fans. We recorded…,,,,,,,,,,,
-4,ChristinaSi206,$AMC Guys... my brain is in retirement and this a problem. 🚩,,,,,,,,,,,
1,AssetAddict_,RT @MarketRebels: $AMC says they will accept $SHIB in the next 60 to 120 days,,,,,,,,,,,
2,VS19907,"RT @TaraBull808: With the announcement of $AMC accepting $Shib, shorts should be Tarafied! 😈",,,,,,,,,,,
0,Joxhue_,RT @taylorswift13: The first ever performance of All Too Well (10 min version) was at the AMC 13 theater in front of 400 fans. We recorded…,,,,,,,,,,,
0,jackieajewski,RT @taylorswift13: The first ever performance of All Too Well (10 min version) was at the AMC 13 theater in front of 400 fans. We recorded…,,,,,,,,,,,
2,darkrevlis,"RT @CEOAdam: Attention #SHIBArmy: Our friends @Bitpay decided to support Shiba Inu specifically because I asked, so AMC can take Shiba Inu…",,,,,,,,,,,
1,RickDonair,"RT @JohnathonKlink: If $AMC goes up, don't touch options.

If $AMC goes down, don't touch options.

Just don't touch options.

Buy shares.…",,,,,,,,,,,
0,lunchmoneyE30,"RT @GMEmoreAMC: @SwingTraderMars @TaraBull808 @CEOAdam @AlderLaneeggs @tZERO @TradesTrey @ApesTogetherDoc RETWEET TO SPREAD #AMCNFT!!!

#AP…",,,,,,,,,,,
0,Jpigg25,"RT @AMC_Apee: MOM… @GaryGensler HAS BEEN THE CHAIR OF THE SEC FOR 7 MONTHS NOW AND HASN’T STARTED DOING HIS JOB! 

WEN JOB GARY, WEN JOB??…",,,,,,,,,,,
2,Sippingood,"RT @CEOAdam: Attention #SHIBArmy: Our friends @Bitpay decided to support Shiba Inu specifically because I asked, so AMC can take Shiba Inu…",,,,,,,,,,,
0,LukeSkywalkerq,RT @taylorswift13: The first ever performance of All Too Well (10 min version) was at the AMC 13 theater in front of 400 fans. We recorded…,,,,,,,,,,,
2,JelicicNick,"RT @TaraBull808: With the announcement of $AMC accepting $Shib, shorts should be Tarafied! 😈",,,,,,,,,,,
0,supahmykhel,RT @taylorswift13: The first ever performance of All Too Well (10 min version) was at the AMC 13 theater in front of 400 fans. We recorded…,,,,,,,,,,,
2,stargazerzero3,"RT @CEOAdam: Attention #SHIBArmy: Our friends @Bitpay decided to support Shiba Inu specifically because I asked, so AMC can take Shiba Inu…",,,,,,,,,,,
0,_bellsbrn,RT @taylorswift13: The first ever performance of All Too Well (10 min version) was at the AMC 13 theater in front of 400 fans. We recorded…,,,,,,,,,,,
2,Boggman,"RT @CEOAdam: Attention #SHIBArmy: Our friends @Bitpay decided to support Shiba Inu specifically because I asked, so AMC can take Shiba Inu…",,,,,,,,,,,
0,krspytin,RT @taylorswift13: The first ever performance of All Too Well (10 min version) was at the AMC 13 theater in front of 400 fans. We recorded…,,,,,,,,,,,
2,Ju4N1t014,"RT @CEOAdam: Attention #SHIBArmy: Our friends @Bitpay decided to support Shiba Inu specifically because I asked, so AMC can take Shiba Inu…",,,,,,,,,,,
0,ummushahid,RT @taylorswift13: The first ever performance of All Too Well (10 min version) was at the AMC 13 theater in front of 400 fans. We recorded…,,,,,,,,,,,
0,ardriie,RT @taylorswift13: The first ever performance of All Too Well (10 min version) was at the AMC 13 theater in front of 400 fans. We recorded…,,,,,,,,,,,
0,janexrd,RT @taylorswift13: The first ever performance of All Too Well (10 min version) was at the AMC 13 theater in front of 400 fans. We recorded…,,,,,,,,,,,
0,spotify_swift,RT @taylorswift13: The first ever performance of All Too Well (10 min version) was at the AMC 13 theater in front of 400 fans. We recorded…,,,,,,,,,,,
-2,danajamesjones,"My theory on why some cycle analysts are confused on where we are in the #AMC pattern. The culprit? VOLUME FUCKERY! Here you can see the repeated pattern but from whence there was bountiful volume, now there is not. Thus why we are not in the $50s rn. But we are still on track! https://t.co/PhHsCtqu1C",,,,,,,,,,,
3,7PddMccIV6grIbP,"Making a fortune in $crypto
Bonus 40% 
https://t.co/lYjvt2RJHQ

$amc $fubo $lazr  $home $dats $bbig $aht 
$ANY $PROG $KPLT $KTRA $SNDL $NAKD
$CEI $WISH $BTC $PROG $DATS
$BBIG $AMC $GME
$amc $lazr $bbig
$BBIG $BTC $ZASH $BBIG $LOMO
$DOGE $LTC $DASH
$DATS $ANY $PROG $BBIG $OCGN https://t.co/oT1zQxjTsR",,,,,,,,,,,
1,CTgunz85,"RT @NathanG16894548: As of today, Citadel supposedly covered 3.3 million shares.  Yesterday some unknown company (Altai, very similar to ic…",,,,,,,,,,,
0,rarararainbowc,"RT @dalia5256: 【告知】
AMCカスタムマッチ開催!!
概要を必ず読み添付のフォームにてご応募ください。
期限は12月4日となります。
先着順です、ご了承ください🥺
確定したチームよりdiscordへご案内します。

大会概要✍
https://t.co/ihwz…",,,,,,,,,,,
2,koryamc1,@AMC_Apee @rocketastronaut @jimcramer @CGasparino Sure seems like he is admitting to lying here https://t.co/fP9tt6w3bq,,,,,,,,,,,
0,_wiebe,"RT @TaraBull808: As an $AMC shareholder, do you believe the company’s management and governance members have a fiduciary duty to its shareh…",,,,,,,,,,,
-3,yvonnecarns,"RT @EduardBrichuk: AMC and GME chart animation on the “1hr chart.” 

LITERALLY, the same movement. Absolute corruption. 

@ThatGuyAstro @da…",,,,,,,,,,,
2,DaveTradesDaily,"#AMC LOW VOLUME TODAY but we are continuing to make higher lows 
Citadel loading up on #AMC calls, maybe they know what is coming 
$1.2 mill and $988k call options came in near close today 
Tomorrow should be an interesting one 
#AMCNOTLEAVING #AMCSQUEEZE 
https://t.co/eZ8bFQTfvI",,,,,,,,,,,
0,Melvincapital3,@trvsrdrgz ALL APES NEED TO SUBMIT A DRS REQUEST WITH THEIR BROKERS TO EXPOSE NAKED SHORTS AND FORCE BROKERS TO LOCATE THEIR REAL SHARES FOR TRANSFERRING THEM TO COMPUTERSHARE $Amc #AMC,,,,,,,,,,,
-3,AcePolls66,@WalkingDead_AMC Why can’t someone make a next gen open world walking dead game,,,,,,,,,,,
2,moongangape,RT @Golfenguy1: @CliffAnator I feel like if #AMC articulated a well thought out plan on what they would do with the dilution $ it wouldn't…,,,,,,,,,,,
-3,Captnandthekid1,"RT @EduardBrichuk: AMC and GME chart animation on the “1hr chart.” 

LITERALLY, the same movement. Absolute corruption. 

@ThatGuyAstro @da…",,,,,,,,,,,
-3,TheCryptoKennel,"@SpacemanLMD @EduardBrichuk @ThatGuyAstro @davidmarinojr @vvaliduss @BossBlunts1 @currousity @TaraBull808 @TradesTrey @KatStryker111 @MoonApe17 @AMC_Apee @AMCbiggums @Zabii_0 @Xx_WiReD_xX @SECGov Organized crime is covered by the FBI. 

The stock market is the largest racketeering network in history.",,,,,,,,,,,
-3,akisanYork,"RT @EduardBrichuk: AMC and GME chart animation on the “1hr chart.” 

LITERALLY, the same movement. Absolute corruption. 

@ThatGuyAstro @da…",,,,,,,,,,,
2,UrenaHVAC,RT @StockRetail: Apes - PLEASE do DD on cohodes. Even the SEC has him on their list. READ! $amc #amc (note - I also shared 4 articles and a…,,,,,,,,,,,
-2,bretwirled,"I finally achieved what I wanted.
#polkadot #holo $xdc $drep $dash $xtz #zec $pltr $mkr $iost $btt $aave $mana $ksp $dnt $itrm $gme $vib #safemoon $snx  $ltx $btcx $dawgs  $skl #bzrx $celo $perp $btg $xvg $ren $nio $zrx $amc $band $nmr  #rune $dent  $dgb $tfuel https://t.co/GQSWHVdZ1w",,,,,,,,,,,
6,Jenlord74,"RT @AntonioTheMexi: Y’all still holding $AMC

YES             YES             YES
👇               👇                 👇",,,,,,,,,,,
4,the_big_long,"$DDS this was a year ago. might need to recalculate given the massive buybacks in 2021

float is very very tiny. like 2m shares, maybe less. SI is 1.2m

can't believe retail is aping into $AMC instead of this. it is going to $1000/share. possibly more 

should i write a WSB dd?🤔 https://t.co/OJkNdOv6yl",,,,,,,,,,,
0,Pokerdog283,$AMC $100k or nothing…#wenmoon #AMCNOTLEAVING,,,,,,,,,,,
0,rogerspizzaNO1,@OliviaSterns @artsy @crystalbridges @themomentary Ken Griffin &amp; his pals did their homework on you. He wants to loan you the copy of US constitution out of Good-will?🤦‍♂️🙋‍♂️🙋‍♂️🙋‍♂️😂😂😂🤣🤣 $amc $gme,,,,,,,,,,,
-1,losbear789,"RT @rockstar_stocks: Can you imagine being one of these d*mbass traders and having shorted $GME today cuz 'iT hAs nO fUnDaMeNtAlS'? 

#GME…",,,,,,,,,,,
-2,Wecan_B_Better,@TwitterSupport AM I shadow banned or is it just because most of my posts contain #AMC ?,,,,,,,,,,,
5,Mike72517904,"RT @Mike72517904: @fabian_milo_t @TaraBull808 It's one of those things that sounds like a good plan, like stealing third base with 2 outs,…",,,,,,,,,,,
-2,goniyadav,"RT @Mike6Prison: I’m in love with $AMC , a slut for $SHIB",,,,,,,,,,,
0,exileloft,RT @taylorswift13: The first ever performance of All Too Well (10 min version) was at the AMC 13 theater in front of 400 fans. We recorded…,,,,,,,,,,,
0,simonesalvini83,"RT @TOFIQFAZL: $AMC The number of Call Options which have FTD's are astronomical  , being accumulated over the years , just need a catalyst…",,,,,,,,,,,
1,stump_da,RT @Stonk_Trader1: #AMC Daily Chart clearly indicates Short Positions are shrinking drastically. Regardless of what you see &amp; hear on Twitt…,,,,,,,,,,,
0,highlandernew,"What are your thoughts about @CEOAdam NOT being APPROVER of $AMC #Token dividend? PROXY VOTE only? And #AdamARON said he listen to #Apes and said #Apes own 80% of VOTES? #Reddit and #Robinhood too? $IPIX, $GME, $NAKD, $AVXL, $AMRN, $NWBO, $TGGI, #SHIBAINU, $RGBP, $LWLG, $DWAC? https://t.co/e8cuUiUjH0",,,,,,,,,,,
2,AmcApMoon,"RT @bryanbrooks: $GME / $AMC / $BB: Can I just be honest? 

Weekly, Daily and 4HR on these stocks.  Every other timeframe is noise. Just sa…",,,,,,,,,,,
0,YaoKouadioVenc4,"RT @BudRante: Got surprise for
#SAITAMAWOLFPACK 
After I buy my dinner 2nght

Research now 
#AMCAPES $AMC $GME

Our #SAITAMAWOLFPACK will…",,,,,,,,,,,
2,GrassrootsJill,"First, watch this video https://t.co/nL8hXl5Awx by my friend @AMCbiggums  🔥 it’s all 💯💯 (aside from I don’t trust Lou)  2nd, create a list in your feed.   Here’s mine https://t.co/xuXoVIZOby cleanse your feed if drama!!! #AMC",,,,,,,,,,,
-2,montana_2022,"RT @Filsburg: If you ever feel down, useless or just sad… 
Just remember this guy is calling himself a professional (anal)yst😂
$AMC #AMC #A…",,,,,,,,,,,
0,W_Travel_Mag,"RT @Sir_DocHoliday: $PROG chart has us hitting $8 soon, and that's conservative! Considering Mon/Tues will have T2's being bought up and ne…",,,,,,,,,,,
3,Intuitiveworks1,"Just added this brand-new deck to https://t.co/0fFJo2ru9b Between the time of ordering them, them being made, shipped &amp; me receiving the final go to find my cards &amp; crystals new homes I wasn't able to cancel these. I'm certain they will find someone that will love them. https://t.co/EzFgp3PCrX",,,,,,,,,,,
1,traidor7,RT @FreshBeatz12: #amc $amc I trust @CEOAdam ...,,,,,,,,,,,
0,ronin275,"RT @vickilaketta: Oop

Buy the Ask and HODL 💎🦍🚀
#amc #AMCSTRONG #AMCFORLIFE #AMCSQUEEZE #NAKEDSHORTS #APESNOTLEAVING #citadelscandal #darkp…",,,,,,,,,,,
-2,Tragicblue,RT @xxxthemarinexxx: Yo Biggums I’m with yo bro.  We need to speak up. People need to hear the truth.  We warned of infiltration long time…,,,,,,,,,,,
0,27_djX7YH3EchuA,로제도르 골든듀AMC HY 14KPG 목걸이 FNCC B 0012 FNCC B 0012 https://t.co/CdrgljCDYp 파트너스 활동으로 수수료를 받을수 있어요91 https://t.co/WB1NvGatcg,,,,,,,,,,,
-1,__Aldo_AMC,"RT @LunarHoldsWell: 7 years ago we were living in a shity apartment digging for change to pay for diapers and formula. Now we own a home, n…",,,,,,,,,,,
2,JC11AT4,RT @DawnDiamondHand: #AMC Whoever has never profited one single dollar off this movement LIKE &amp; RETWEET!!! 💯,,,,,,,,,,,
0,montana_2022,@natalieedge84 #AMCSTOCK #AMC #AMCAPES #AMCNOTLEAVING #prog #PROGSQUEEZE #sndl #sndlsqueeze #AMCNOTLEAVING #AMCSQUEEZE #AMCtothemoon,,,,,,,,,,,
0,ElSamuraiAzteca,RT @CopyCatKaid: #AMC https://t.co/ds2igtlZhi,,,,,,,,,,,
-8,MurdaWolf,"All this bullshit going around the community in $AMC is obviously a tactic to make you want to sell your shares. WE APES KNOW WHAT WE HAVE , WE BEEN HAD OUR CONVICTION . They are trying to get you sucked into this drama and cause FEAR, UNCERTAINTY, and DOUBT (FUD) BUY AND HODL",,,,,,,,,,,
4,renslip_24,@Charlie1337420 Good bye to Twitter and this amc movement that has just become a toxic dumping ground. Staring Monday I will begin to sell off me 150000 shares and exit this play. This is not he community or environment that it use to be. The egos and selfishness has taken over. Best of luck all,,,,,,,,,,,
9,AaronCook81,"RT @TaraBull808: Going to be giving back this week. Giving $AMC Gift Cards to some of you luckies. 🎁 

Retweet to be entered to win.

#AMCG…",,,,,,,,,,,
-2,samang1,"RT @rocketastronaut: NEVER FOCKING undermine my company $AMC CEO, you’ll be way over your head",,,,,,,,,,,
9,InitialResponse,"RT @TaraBull808: Going to be giving back this week. Giving $AMC Gift Cards to some of you luckies. 🎁 

Retweet to be entered to win.

#AMCG…",,,,,,,,,,,
0,syeded777,"RT @TOFIQFAZL: $AMC The number of Call Options which have FTD's are astronomical  , being accumulated over the years , just need a catalyst…",,,,,,,,,,,
-3,Lucktriple07,"RT @HelpHumanityWi1: People telling you we need them and we have not accomplished anything, are liars. We saved two companies and put mains…",,,,,,,,,,,
0,28_lwc2yYyl8BgQ,로제도르 골든듀AMC HY 14K PG 아코야진주 7.5mm 목걸이 FNF2 C 0163 FNF2 C 01 https://t.co/zCrOgCZGTc 파트너스 활동으로 수수료를 받을수 있어요54 https://t.co/CfS7tfZxg8,,,,,,,,,,,
3,NoblePhares,"#AMC @AMCbiggums is right, we (Real Apes) BUILT this movement to expose corruption and establish a free and fair market while making $ off squeeze, we need all help we can get but shills jumped on board, got rich, while millions of real people are still putting it all on the line https://t.co/OSJsPyILiI",,,,,,,,,,,
9,Mr_Flipper81,"RT @TaraBull808: Going to be giving back this week. Giving $AMC Gift Cards to some of you luckies. 🎁 

Retweet to be entered to win.

#AMCG…",,,,,,,,,,,
0,WeiChunDanielT1,@Mujisiro @TaraBull808 Retweet for who ever see my post. Toronto don't have AMC near by,,,,,,,,,,,
0,GOEATTHIS,RT @ballen_50: Let’s go Griffin! #AMC #AMCSQUEEZE #KENGRIFFINLIED #CHOKEONTHAT $AMC #LETSGOGRIFFIN https://t.co/jmVdpBv5UI,,,,,,,,,,,
4,Jil242834Aileen,"RT @CEOAdam: Big newsflash! As promised, many new ways NOW to pay online at AMC.  We proudly now accept: drumroll, please… Bitcoin, Ethereu…",,,,,,,,,,,
2,7PddMccIV6grIbP,"Making a fortune in $crypto
Bonus 40% 
https://t.co/VLQuyEdtjc

$elon $doge $gt $upx $btc $tsla $shib $xlm $ltc $aapl 
$elon $doge $amzn $celo
$hood $neo $dash $btt $gme $zec
$elon $doge $tsla $matic $btg $iwm $xvs $bnb $amc
$pypl $sq $etc $grt $xmr $link $eth $ada $sc $zec https://t.co/7CsdTK0n5g",,,,,,,,,,,
0,gabrielgriffin,@TIME @szacharek See at #amc this weekend 👀🔥🎯🍿,,,,,,,,,,,
0,ILIKETHESTOCK35,@StockRetail @KDSweaty @CEOAdam #AMC #AMCSQUEEZE #APESNOTLEAVING @CEOAdam @AMCTheatres,,,,,,,,,,,
3,DaRock89,RT @JWM551BPD: @SaitaVader As an AMC Ape And Saitama holder I’m very happy to be apart of both communities.,,,,,,,,,,,
3,MojoMooseMan,RT @Turbo500000: Check out this #MOASS faux trailer apes! How freaking cool is that?? See your NFT ape in content like this - unlock Fight…,,,,,,,,,,,
0,Gambiste1,RT @OptionDrops: AMC SHORT SQUEEZE | WHY WE ARE SO CLOSE TO GOING TO NEW HIGHS https://t.co/cVxYifSSiX via @YouTube $AMC #AMC,,,,,,,,,,,
-1,Gambiste1,"RT @TaraBull808: 10 months we've been here
10 months we've been holding
10 months we've been inquiring
10 months &amp; January got overlooked
1…",,,,,,,,,,,
0,thewaiterkb,RT @masked_investor: Finance Twitter is getting its own Dow Jones index. Wall Street wants to track retail sentiment towards any stocks - h…,,,,,,,,,,,
0,ApeMoneyClub,@the_ironsheik Ken Griffin says “RAMA LAMA DING DONG” all the time. Smh. Hedgies R Fukt. #AMC #GME,,,,,,,,,,,
0,Ape_girl_haley,@CEOAdam @AMCTheatres #AMC https://t.co/5HygAZExR0,,,,,,,,,,,
0,PGAddict74,"@TheApeCapital @bag_legendary Imagine all these new youtubers “How I became an AMC Millionaire”. 

#stockmarkethistory",,,,,,,,,,,
0,Rich07405887,"RT @TOFIQFAZL: $AMC The number of Call Options which have FTD's are astronomical  , being accumulated over the years , just need a catalyst…",,,,,,,,,,,
1,LeonFlex19,I’m calculating everything in shares. $AMC https://t.co/HADisoozdu,,,,,,,,,,,
-10,JoelTommyMiller,"I apologise 4 Losing my cool a week ago,it all really got 2 me.I can't stand seeing any1 bullied on social media, so when I got blocked for defending sum1 I don't even agree with, I got blocked &amp; it was the last straw. I don't care if you're ape or shill, but not a bully $amc",,,,,,,,,,,
0,MrGoodtimes11,"RT @colin_gladman: Occam’s Razor 

$AMC #AMC https://t.co/ePfZ5KAop9",,,,,,,,,,,
0,TheApeCapital,"RT @TOFIQFAZL: $AMC The number of Call Options which have FTD's are astronomical  , being accumulated over the years , just need a catalyst…",,,,,,,,,,,
4,Frankjr3535,"RT @TradesTrey: Thanksgiving is next week - 

I don’t care if you like / retweet / all that stuff, just wanna give back 

I wanna give out…",,,,,,,,,,,
4,litttt0102,"RT @TradesTrey: Thanksgiving is next week - 

I don’t care if you like / retweet / all that stuff, just wanna give back 

I wanna give out…",,,,,,,,,,,
0,ricardotovar211,@TradesTrey @SpyGuyTrading 🔥  #amc,,,,,,,,,,,
4,crixwinks,"RT @TradesTrey: Thanksgiving is next week - 

I don’t care if you like / retweet / all that stuff, just wanna give back 

I wanna give out…",,,,,,,,,,,
4,ApeSpac,"RT @TradesTrey: Thanksgiving is next week - 

I don’t care if you like / retweet / all that stuff, just wanna give back 

I wanna give out…",,,,,,,,,,,
1,Gambiste1,RT @jenne_roberts: $amc Hit like if you’ve blocked Don’t Drink the Koolaid https://t.co/w5bPT8GsN8,,,,,,,,,,,
4,Timmy_Gleason,"RT @TradesTrey: Thanksgiving is next week - 

I don’t care if you like / retweet / all that stuff, just wanna give back 

I wanna give out…",,,,,,,,,,,
4,Gary13539002,"RT @TradesTrey: Thanksgiving is next week - 

I don’t care if you like / retweet / all that stuff, just wanna give back 

I wanna give out…",,,,,,,,,,,
4,AngelForTrump1,"RT @TradesTrey: Thanksgiving is next week - 

I don’t care if you like / retweet / all that stuff, just wanna give back 

I wanna give out…",,,,,,,,,,,
-1,TrumpMormons,"RT @TaraBull808: 10 months we've been here
10 months we've been holding
10 months we've been inquiring
10 months &amp; January got overlooked
1…",,,,,,,,,,,
0,shadowbgd011,"@AMC__AMC @ostentivan @apoliticnalama U Srbiji se studira forme radi, da bi imali papir, ne da bi stekli obrazovanje.",,,,,,,,,,,
-1,SophieBmisham,"RT @raiband1106: 🛑 $AMC 🛑

IGNORE the NOISES from influencers, social media and the news

THEY WILL use every TRICK in the book

WE do not…",,,,,,,,,,,
0,carre_ray,"RT @JanJakDesalin: @carre_ray The people sending money to those fin-fluencers are doing it for attention. $1M can buy approximately 25,000…",,,,,,,,,,,
12,kevinbell922,"@TradesTrey @SpyGuyTrading If I win I want you to generate another winner bc I don't have an AMC near me... yet. I just wanted to say this is really cool. Thanks for all you do for the apes, Trey!",,,,,,,,,,,
-2,InFacebookJail,"RT @NazeemElkommos: #AMC Citadel/Robinhood case. U.S. District Judge Cecilia Altonaga dismissed the case without prejudice, giving retail i…",,,,,,,,,,,
4,dean29052529,"RT @TradesTrey: Thanksgiving is next week - 

I don’t care if you like / retweet / all that stuff, just wanna give back 

I wanna give out…",,,,,,,,,,,
1,Hiroki15919238,"RT @TOFIQFAZL: $AMC has been shorted by the Hedge Funds for over 5 years  now , its not a thing of 2021 , the amount of shares to be covere…",,,,,,,,,,,
6,JaydenSnarr,"$Shiba Inu. We need something exciting to happen to get investors pumped about the coin. AMC should do a 15% burn protocol per transaction. Then on holidays shiba should burn 5,000,000,000 -10,000,000,000 coins.  Like and retweet if you want this to happen.",,,,,,,,,,,
0,ghettoblacklove,RT @ballen_50: Let’s go Griffin! #AMC #AMCSQUEEZE #KENGRIFFINLIED #CHOKEONTHAT $AMC #LETSGOGRIFFIN https://t.co/jmVdpBv5UI,,,,,,,,,,,
0,montana_2022,RT @montana_2022: @Scarletttt93 #AMCSTOCK #AMC #AMCtothemoon #AMCSQUEEZE #AMCAPES #PROGSQUEEZE #prog #sndl #sndlsqueeze,,,,,,,,,,,
2,oco51160571,RT @ShortTheVix1: Somebody looks like they are trying to cover their tracks and hide their short interest... #AMC https://t.co/gqYuiq78le,,,,,,,,,,,
9,Andrew80412949,"RT @TaraBull808: Going to be giving back this week. Giving $AMC Gift Cards to some of you luckies. 🎁 

Retweet to be entered to win.

#AMCG…",,,,,,,,,,,
0,UrsaMinorOne,It’s unwise to stand between an immovable object (cancerous HFs) &amp; an unstoppable force (retail/Apes).  I believe @CEOAdam will do right by all of us that have put so much on the line &amp; have turned back the tide that was AMC bankruptcy.  👉 SECURITY TOKEN #AMCSTOCK #AMCAPES #AMC,,,,,,,,,,,
4,g2Drummer,"RT @TradesTrey: Thanksgiving is next week - 

I don’t care if you like / retweet / all that stuff, just wanna give back 

I wanna give out…",,,,,,,,,,,
4,DougGre88080945,"RT @TradesTrey: Thanksgiving is next week - 

I don’t care if you like / retweet / all that stuff, just wanna give back 

I wanna give out…",,,,,,,,,,,
0,Kentuckyhot,@TradesTrey @SpyGuyTrading AMC,,,,,,,,,,,
4,GunGuy7776,"RT @TradesTrey: Thanksgiving is next week - 

I don’t care if you like / retweet / all that stuff, just wanna give back 

I wanna give out…",,,,,,,,,,,
0,montana_2022,@koryamc1 #amc #AMCSTOCK #AMC #AMCtothemoon #AMCSQUEEZE #AMCAPES #AMCNOTLEAVING #PROGSQUEEZE #prog #sndl #sndlsqueeze,,,,,,,,,,,
4,DonaldStepp3,"RT @TradesTrey: Thanksgiving is next week - 

I don’t care if you like / retweet / all that stuff, just wanna give back 

I wanna give out…",,,,,,,,,,,
4,mechanteauthor,RT @StockRetail: Almost like I’ve said this for 6 or 7 months now. Watch positive earnings &amp; cash flow melt away all the drama. @CEOAdam ha…,,,,,,,,,,,
-3,ANGELVIDES9,"Every time we feel tired and feel like giving up, remember that we've already put up with the same BS for 10 months straight,  #GME and #AMC will #MOASS. It's not IF but when! Buckle the Fuck up!! We're getting closer and closer.",,,,,,,,,,,
-2,WLoft,"RT @NazeemElkommos: #AMC Citadel/Robinhood case. U.S. District Judge Cecilia Altonaga dismissed the case without prejudice, giving retail i…",,,,,,,,,,,
5,montana_2022,RT @koryamc1: Good morning all my Apeish family. Saturdays words of wisdom: Chin up. Back straight. Wear the crown! Be the crown! You ARE t…,,,,,,,,,,,
0,PazMigan45,"RT @TOFIQFAZL: $AMC The number of Call Options which have FTD's are astronomical  , being accumulated over the years , just need a catalyst…",,,,,,,,,,,
0,KhadirTAlbert,"@TradesTrey @SpyGuyTrading Hey, AMC to the MOON!",,,,,,,,,,,
4,PunWasIntended,"RT @TradesTrey: Thanksgiving is next week - 

I don’t care if you like / retweet / all that stuff, just wanna give back 

I wanna give out…",,,,,,,,,,,
-2,jbergs6717,"RT @NazeemElkommos: #AMC Citadel/Robinhood case. U.S. District Judge Cecilia Altonaga dismissed the case without prejudice, giving retail i…",,,,,,,,,,,
9,reck_bryan,Wow.  Twitter is like going back to high school.  Now I know why I skipped all the time.  #amc here for the ride.  Lol,,,,,,,,,,,
2,StillnessSatori,@TradesTrey @SpyGuyTrading When I was in 4th grade I was shorter than everyone. Way shorter. Somehow I got to play the Wicked Witch of the West in our school play. I made the most of the “I’m melting!!!!” scene hoping to raise my stature figuratively amongst my peers. I am a better person for it. ❤️ AMC.,,,,,,,,,,,
-4,EduardBrichuk,"WTF! AMC mirrored runs “VORTEX INDICATOR” Pythagorean Triples formation. 

Attached diagrams to explain. 
Gamma-Ray Burst is coming! 🚀💥😳 
#AMCSQUEEZE 

@ThatGuyAstro @Zabii_0 @TaraBull808 @jhuntermav @vvaliduss @currousity @BossBlunts1 @AMC_Apee @AMCbiggums @rocketastronaut https://t.co/qgoPT8uu99",,,,,,,,,,,
0,Vonniieeeeee,RT @Cuban4512: #ITRUSTCEOADAM @CEOAdam  #AMC,,,,,,,,,,,
0,montana_2022,"RT @MagiCryptoMan: the fuckry on Twitter is real, i don't see twitts from many of you Apes. i have to look up some of you so that i check w…",,,,,,,,,,,
4,MojoMooseMan,"RT @TradesTrey: Thanksgiving is next week - 

I don’t care if you like / retweet / all that stuff, just wanna give back 

I wanna give out…",,,,,,,,,,,
1,AnthonyVo15,Hopefully no one made this meme yet 🤣🤣 $AMC $GME #APESNOTLEAVING #AMC https://t.co/SfzH6NVH9I,,,,,,,,,,,
1,08Untouchable,"RT @NathanG16894548: As of today, Citadel supposedly covered 3.3 million shares.  Yesterday some unknown company (Altai, very similar to ic…",,,,,,,,,,,
0,Karson2305x,"Anyone use stockcharts?
$AMC $GME",,,,,,,,,,,
6,diamond_form,"@TradesTrey @SpyGuyTrading Happy thanksgiving. I don’t personally know any of you but 2 people. But this community of crayon eating apes, has definitely changed my life. 
After this #AMC and #GME Play is over. Excited to see what this community will do next. https://t.co/5YdqLafFSv",,,,,,,,,,,
0,26_EYIGIO2g4ymK,[로제도르 (골든듀AMC)] 브이 원터치 귀걸이 FEGC-B-0413 https://t.co/7OndWT49c2 파트너스 활동으로 수수료를 받을수 있어요77 https://t.co/DSfslziDmc,,,,,,,,,,,
9,Shawnproulx1,"RT @TaraBull808: Going to be giving back this week. Giving $AMC Gift Cards to some of you luckies. 🎁 

Retweet to be entered to win.

#AMCG…",,,,,,,,,,,
0,Cuban4512,"If AA told us to stop pushing this NFT thing why are we still talking about it #AMC , she gonna take off on her own just let her do her thang and trust our CEO!!!!!!!",,,,,,,,,,,
9,phinsboy,"RT @TaraBull808: Going to be giving back this week. Giving $AMC Gift Cards to some of you luckies. 🎁 

Retweet to be entered to win.

#AMCG…",,,,,,,,,,,
1,iiheartmilfs,"RT @TOFIQFAZL: $AMC has been shorted by the Hedge Funds for over 5 years  now , its not a thing of 2021 , the amount of shares to be covere…",,,,,,,,,,,
-2,Bagelious,RT @xxxthemarinexxx: Serious Real Talk Question #1.  Why block specific people in the beginning?  Your forget the ape underground talks. Wh…,,,,,,,,,,,
4,endustry,"RT @TradesTrey: Thanksgiving is next week - 

I don’t care if you like / retweet / all that stuff, just wanna give back 

I wanna give out…",,,,,,,,,,,
0,28_lwc2yYyl8BgQ,로제도르 골든듀AMC 14K PG십자가 목걸이 FNPR B 0388 FNPR B 0388 https://t.co/TwVIgFQWzu 파트너스 활동으로 수수료를 받을수 있어요0 https://t.co/P65A2YzooP,,,,,,,,,,,
0,RandyRosser,#AMC,,,,,,,,,,,
4,ShoesMve,"RT @TradesTrey: Thanksgiving is next week - 

I don’t care if you like / retweet / all that stuff, just wanna give back 

I wanna give out…",,,,,,,,,,,
